filename,sensitive
within-resource.xml,TRUE
fly-camera-book.xml,TRUE
illo-id-et-ullam.jpg,TRUE
voluptatem-minima.jpg,TRUE
debitis.msg,TRUE
incidunt-officia.msg,TRUE
gun-expect-relate-civil-receive-be.ps1,TRUE
newspaper-adult-speech-wonder-bill.ps1,TRUE
at-face-movie-hit-trip-recognize.md,TRUE
force-apply-fear-game-forward-owner.md,TRUE
trip-receive-common-remember-certainly.ps1,TRUE
bring-who-manager-organization-chance.ps1,TRUE
while-exist-party-media-series.ps1,TRUE
brother-item-film-yard-citizen-modern.ps1,TRUE
threat-physical-cover-professional.md,TRUE
sit-near-short-field-dark-start.ps1,TRUE
time-rich-city-pattern-land-staff,TRUE
amount-down-follow-suffer.ps1,TRUE
edge-thought-can-name-country-memory.ps1,TRUE
what-difficult-usually-pm-fill.md,TRUE
particular-become-after-never.md,TRUE
measure-card-long-while-coach-table.md,TRUE
head-especially-great-every.ps1,TRUE
south-million-lead-billion-air,TRUE
head-attention-hot-goal-meeting-why.ps1,TRUE
east-join-thus-his-then-book.ps1,TRUE
letter-capital-lot-well-east-few-two.ps1,TRUE
summer-someone-cell-happy-around-red,TRUE
benefit-local-must-feel-even-sometimes.md,TRUE
organization-north-wife-space-rich.ps1,TRUE
create-campaign-protect-fish.md,TRUE
score-phone-station-form.ps1,TRUE
role-six-whole-single-enough-think,TRUE
field-remember-meet-want-beautiful-like.md,TRUE
necessary-receive-event,TRUE
want-cover-then-spring-last-you.md,TRUE
contain-film-cell-father-ball.ps1,TRUE
win-common-positive-sea-assume.md,TRUE
wait-business-must-we-just-yet,TRUE
other-understand-involve-imagine.md,TRUE
simple-easy-finish-direction-reflect.md,TRUE
throw-theory-member.html,TRUE
truth-level-policy.html,TRUE
score-professional.html,TRUE
space-resource.pub,TRUE
bank-respond-a.pub,TRUE
everyone-win-first.pub,TRUE
again-civil-trade.pem,TRUE
might-walk-growth.pub,TRUE
ahead-player-media.pem,TRUE
road-on-third.pub,TRUE
law-town-offer-too.xlsx,TRUE
plant-huge-success.xlsx,TRUE
church-just-there.xlsx,TRUE
century-recently.xlsx,TRUE
difference-table.xlsx,TRUE
per-movement.xlsx,TRUE
hundred-someone.xlsx,TRUE
stand-value-save.xlsx,TRUE
within-market.xlsx,TRUE
difference-real.xlsx,TRUE
growth-relationship.docx,TRUE
somebody-politics.pdf,TRUE
fish-response-month.pdf,TRUE
cultural-himself-a.pdf,TRUE
keep-election-close.pdf,TRUE
example-shoulder.docx,TRUE
team-both-chance.docx,TRUE
either-research.docx,TRUE
baby-thing-follow.docx,TRUE
factor-prevent.docx,TRUE
quasi-debitis.pdf,TRUE
autem-labore.pdf,TRUE
velit-voluptas.pdf,TRUE
cumque-debitis-sed.pdf,TRUE
optio-laborum.pdf,TRUE
ipsum-consequuntur.pdf,TRUE
optio-inventore-ea.pdf,TRUE
ding-jetzt-stellen.pdf,TRUE
blanditiis-quas.pdf,TRUE
cumque-repellat.pdf,TRUE
eius-nostrum-quod.pdf,TRUE
schauen-see-wollen.pdf,TRUE
id-distinctio.pdf,TRUE
corrupti-inventore.pdf,TRUE
seite-gelb-wenig.pdf,TRUE
aperiam-reiciendis.pdf,TRUE
dolore-nulla.pdf,TRUE
pariatur-dicta-quam.pdf,TRUE
quisquam-maiores.pdf,TRUE
zehn-durch-doch.pdf,TRUE
distinctio-incidunt.pdf,TRUE
eligendi-labore-a.pdf,TRUE
odit-laudantium.pdf,TRUE
platz-musik-eis.pdf,TRUE
harum-quam-saepe.pdf,TRUE
quisquam.pdf,TRUE
provident.pdf,TRUE
zimmer-arbeiten.pdf,TRUE
nemo-aperiam.pdf,TRUE
error-tempore-id.pdf,TRUE
wenig-traurig-sache.pdf,TRUE
nesciunt-error.pdf,TRUE
sollen-gehoren-nah.pdf,TRUE
einmal-sehr.pdf,TRUE
cupiditate-saepe.pdf,TRUE
veniam-quisquam.pdf,TRUE
illum-recusandae.pdf,TRUE
ist-fressen-zur.pdf,TRUE
inventore-veniam.pdf,TRUE
dolore-libero-rem.pdf,TRUE
mollitia.pdf,TRUE
provident-vel.pdf,TRUE
exercitationem-iure.pdf,TRUE
auf-gegen-sonne.pdf,TRUE
verlieren-ihr-fest.pdf,TRUE
aperiam-accusantium.pdf,TRUE
voluptas-sapiente.png,TRUE
us-thought-probably.csv,TRUE
evening-can-up.csv,TRUE
manage-several.csv,TRUE
various-more-leader.csv,TRUE
threat-exactly.csv,TRUE
would-him-entire.csv,TRUE
really-scientist.csv,TRUE
better-method.csv,TRUE
mission-both-often.csv,TRUE
nor-public-join-me.csv,TRUE
sing-pattern.csv,TRUE
budget-game-their.zip,TRUE
sensitive-lotion.txt,TRUE
in-velit-aliquid.py,TRUE
trouble-if-safe.xlsx,TRUE
while-hundred-list.db,TRUE
former-public.db,TRUE
huge-stock.db,TRUE
fill-fine-identify.db,TRUE
choice-hit-trade-indicate-me-recent.log,TRUE
financial-example-professor-short.ps1,FALSE
professor-away-type-style-school-later.md,FALSE
specific-happen-explain-member-sure.mp3,FALSE
into-better-wrong-head-continue-need.ps1,FALSE
such-day-glass-happen-case.md,FALSE
response-since-save-tv-night.md,FALSE
company-expert-life-wear-indeed.md,FALSE
room-person-live-protect-high.md,FALSE
feeling-west-at-decide-career,FALSE
none-finally-certainly-us-boy.ps1,FALSE
five-including-bar-shoulder-spend.md,FALSE
evidence-smile-finally,FALSE
image-talk-point-ball-commercial.ps1,FALSE
deal-ever-high-when-leave-street.ps1,FALSE
firm-chair-say-gun-get-nature-although.ps1,FALSE
somebody-above-even-very-safe.ps1,FALSE
realize-professor-final-how-small-by.ps1,FALSE
meeting-study-free-possible-these.md,FALSE
follow-turn-them-audience.md,FALSE
movement-one-next-campaign.md,FALSE
foreign-which-top-student-six-bag.ps1,FALSE
reality-indicate-still-daughter-red.md,FALSE
special-account-current-reflect.md,FALSE
population-blue-sense-yet-central,FALSE
year-within-class-fish-agent.md,FALSE
practice-soldier-class-age-recently.md,FALSE
training-human-bag-case-seem-attention.md,FALSE
environment-note-total-per-look.md,FALSE
become-when-and-instead-himself,FALSE
admit-become-music-action-majority.mp3,FALSE
line-above-father-current-student.md,FALSE
fish-five-finally-store-than-foreign,FALSE
save-know-mr-choice-ago-none.md,FALSE
piece-weight-middle-head-stuff-would,FALSE
ahead-crime-cost-participant-behind.ps1,FALSE
north-wonder-so-keep-heavy-too.md,FALSE
success-who-side-that-news-federal.ps1,FALSE
forget-less-pay-deep-opportunity.mp3,FALSE
health-woman-center-explain-production,FALSE
develop-deal-family-when-near-marriage.ps1,FALSE
a-station-yet-watch-enough-pay-industry.csv,FALSE
town-grow-might-television-pressure.md,FALSE
water-could-treat-be-nothing-specific.md,FALSE
might-how-tough-century-describe.md,FALSE
republican-young-room-their.md,FALSE
probably-to-him-approach-sea,FALSE
economy-baby-change-reduce-several-seem.md,FALSE
right-right-usually-over-arrive-medical.md,FALSE
citizen-major-hit-congress-full.md,FALSE
only-room-night-nor-rule-case-day.md,FALSE
data-true-for-what-see-evidence.ps1,FALSE
congress-house-expect-take-nearly,FALSE
create-table-them-per-on-leg-first.ps1,FALSE
growth-anything-message-form-make.md,FALSE
five-kitchen-mr-million-partner.ps1,FALSE
imagine-positive-leader-hold-crime,FALSE
bank-source-head-whatever-six.md,FALSE
themselves-pay-most-involve-guess,FALSE
cost-control-mother-base-republican,FALSE
green-dark-whose-phone-public.md,FALSE
social-help-answer-answer-job.md,FALSE
environmental-rock-risk-kind.ps1,FALSE
ground-win-check-face-possible-law.md,FALSE
standard-relate-process-sport-next.ps1,FALSE
system-from-important-tree-add.ps1,FALSE
product-task-worker-miss-investment.mp3,FALSE
risk-follow-machine-them-easy-word-hold,FALSE
choose-mouth-play-everyone-cell.ps1,FALSE
light-production-because-fly-year.md,FALSE
next-decision-whom-stand.md,FALSE
just-similar-which-girl-herself-model.ps1,FALSE
bar-court-bill-wait-final-question.ps1,FALSE
realize-little-garden-condition.md,FALSE
pm-former-issue-role-federal.ps1,FALSE
wear-growth-ask-by-south-design-down.md,FALSE
again-tax-environment.md,FALSE
statement-choose-pick-bar-grow,FALSE
key-play-difficult-right-technology,FALSE
offer-order-remain-dog-never.md,FALSE
avoid-pass-service-themselves-mouth.md,FALSE
out-whose-enter-today-social-be.md,FALSE
speech-edge-role-site-event-book.md,FALSE
someone-ago-safe-occur-such.md,FALSE
foot-front-until-image-whatever.md,FALSE
season-along-argue-step-figure.ps1,FALSE
apply-kid-enjoy-think-road-no-again,FALSE
authority-once-blue-trial-mean-but,FALSE
great-number-road-agreement-tell.mp3,FALSE
discussion-trip-certainly-player,FALSE
reality-join-majority-think,FALSE
system-how-language-prove-remain.md,FALSE
letter-style-them-teach-institution,FALSE
hand-out-yes-stand-create-player-black.ps1,FALSE
relate-plant-carry-increase-as-tax.md,FALSE
walk-lead-stage-no-including-very.csv,FALSE
here-mention-war-foreign-then-ten.md,FALSE
research-artist-wear-international.mp3,FALSE
see-bag-society-six-effect-speech,FALSE
fact-morning-expert-fly-method.md,FALSE
natural-stage-their-play-seem-question.md,FALSE
big-change-positive-walk-north-reach.ps1,FALSE
south-our-century-lose-job-but,FALSE
computer-always-air-because-lay.ps1,FALSE
treatment-own-standard-eye-out-my.ps1,FALSE
tv-leg-six-perform-which-site-eye.md,FALSE
each-ground-can-writer-draw-whom.ps1,FALSE
peace-culture-my-pretty-move-just.ps1,FALSE
production-right-significant-go.md,FALSE
suddenly-seven-do-people-place.md,FALSE
world-southern-feel-personal-benefit.md,FALSE
grow-agency-baby-ever-stay-test.csv,FALSE
indicate-night-born-watch-loss-one.ps1,FALSE
idea-experience-only-cup-player.md,FALSE
everyone-chair-economic-nearly.md,FALSE
within-state-really-thus-church-per.ps1,FALSE
question-standard-late-later-work-box,FALSE
strong-admit-tell-increase-although.ps1,FALSE
catch-actually-bed.html,FALSE
might-democratic.html,FALSE
tree-decade-follow,FALSE
visit-very-increase,FALSE
cold-nice-among.html,FALSE
ever-should-writer.html,FALSE
long-believe.html,FALSE
bank-white-shoulder.html,FALSE
bit-structure,FALSE
serve-specific.html,FALSE
politics-way-money.html,FALSE
kitchen-energy.html,FALSE
ten-summer-answer,FALSE
add-make-manager.html,FALSE
window-perhaps.html,FALSE
sell-financial,FALSE
ten-account.html,FALSE
money-rather-which,FALSE
before-focus-ten.html,FALSE
daughter-reflect.html,FALSE
security-along.html,FALSE
treatment-politics,FALSE
learn-knowledge.html,FALSE
anything-none-send.html,FALSE
fear-pattern-agree.html,FALSE
be-pass-bad-east,FALSE
mr-rest-unit-bring.html,FALSE
like-face-mouth.html,FALSE
realize-much-in.html,FALSE
next-suggest.html,FALSE
blue-admit-kitchen.html,FALSE
simple-however-also.html,FALSE
argue-first.html,FALSE
do-letter-police.html,FALSE
she-identify-carry.html,FALSE
such-environmental,FALSE
hotel-north-artist,FALSE
husband-option-fall.html,FALSE
have-shoulder.html,FALSE
else-outside.html,FALSE
item-someone-side,FALSE
explain-respond.html,FALSE
onto-north-central.html,FALSE
himself-half-late.html,FALSE
talk-apply-pay.html,FALSE
during-how-letter.html,FALSE
stuff-although-they,FALSE
seat-moment-service.html,FALSE
mean-operation.html,FALSE
name-turn-add-take.html,FALSE
raise-visit-hope.html,FALSE
benefit-majority.html,FALSE
red-example-trial,FALSE
bed-read-son,FALSE
at-several-above.html,FALSE
physical-mrs-will.html,FALSE
cause-bit-book.html,FALSE
human-today-month,FALSE
animal-try-safe.html,FALSE
candidate-ahead.html,FALSE
turn-show-series.html,FALSE
where-network-form.html,FALSE
truth-why-grow,FALSE
government-tax-her.html,FALSE
represent-able-we,FALSE
american-way-mean.html,FALSE
final-agreement.html,FALSE
stand-rule-politics,FALSE
base-lose-wear,FALSE
morning-from-tend.html,FALSE
free-southern-close.html,FALSE
bit-final-night.html,FALSE
perform-week-note,FALSE
point-see-modern,FALSE
ok-middle-region.html,FALSE
officer-enjoy,FALSE
skin-radio-how,FALSE
site-ask-remember.html,FALSE
fear-worry.html,FALSE
form-tend-we.html,FALSE
region-itself.pub,FALSE
article-fire-across.pem,TRUE
authority.pem,TRUE
prevent-computer.pub,FALSE
become-song-close.pem,TRUE
bed-off-control.pem,TRUE
some-forward-work.pub,FALSE
could-could-model.pem,TRUE
can-state-land.pub,FALSE
defense-year-catch.pem,TRUE
design-watch-create.pem,TRUE
door-rule-low.pem,TRUE
do-own-better.pem,TRUE
author-none-senior.pub,FALSE
mrs-popular-control.pub,FALSE
east-road-challenge.pem,TRUE
fire-sell-around-by.pub,FALSE
service-movement.pub,FALSE
else-do-little.pem,TRUE
few-affect-whatever.pem,TRUE
field-subject.pem,TRUE
force-agreement.pem,TRUE
get-grow-land-yet.pem,TRUE
go-benefit-chair.pem,TRUE
heavy.pem,TRUE
recognize-also.pub,FALSE
hold-training.pem,TRUE
how-majority.pem,TRUE
hundred-generation.pem,TRUE
increase-her-next.pem,TRUE
individual-raise.pem,TRUE
stuff-heavy-paper.pub,FALSE
inside-certainly.pem,TRUE
federal-run.pub,FALSE
produce-player-key.pub,FALSE
bed-off-control.pub,FALSE
actually-parent.pub,FALSE
interesting-break.pem,TRUE
laugh-subject-good.pem,TRUE
third-town-recently.pub,FALSE
make-television.pem,TRUE
carry-grow-today.pub,FALSE
middle-alone.pem,TRUE
against-as-body.pub,FALSE
she-sign-thus-else.pub,FALSE
million-three-movie.pem,TRUE
more-store-leave.pem,TRUE
name-behind-hard.pem,TRUE
place-myself-home.pub,FALSE
skin-course-moment.pub,FALSE
accept-name-above.pub,FALSE
ask-agreement-sense.pub,FALSE
near-light-run.pem,TRUE
none-mention-only.pem,TRUE
life-painting-team.pub,FALSE
none-senior-hour.pem,TRUE
office-structure.pem,TRUE
race-specific.pub,FALSE
oil-several-eye.pem,TRUE
pay-shoulder-give.pem,TRUE
prevent-computer.pem,TRUE
range-home-view.pem,TRUE
represent.pem,TRUE
responsibility-born.pem,TRUE
rich-ability.pem,TRUE
technology-build-tv.pub,FALSE
right-clearly.pem,TRUE
year-toward-wish.pub,FALSE
say-stuff-north.pem,TRUE
too-officer.pub,FALSE
reveal-consider.pub,FALSE
scene-prepare.pem,TRUE
seven-expect.pem,TRUE
shake-note-believe.pem,TRUE
somebody-term.pem,TRUE
religious-speech.pub,FALSE
so-political-common.pem,TRUE
space-door-result.pem,TRUE
buy-president-baby.pub,FALSE
such-prepare-song,TRUE
take-a-professor,TRUE
their-financial.pem,TRUE
become-song-close.pub,FALSE
have-pick-save-pull.pub,FALSE
staff-go-pull-learn.pub,FALSE
themselves-agent,TRUE
away-player-win.pub,FALSE
up-produce-front.pem,TRUE
want-record-home.pem,TRUE
we-important-speech.pem,TRUE
go-benefit-chair.pub,FALSE
edge-foot-miss.pub,FALSE
whether-necessary.pem,TRUE
year-toward-wish.pem,TRUE
wish-herself-friend.xlsx,FALSE
create-yeah-year.xlsx,FALSE
find-they.xlsx,FALSE
seat-free-marriage.xlsx,FALSE
idea-beyond-policy.xlsx,FALSE
imagine-effect.xlsx,FALSE
chair-way-any-serve.xlsx,FALSE
develop-throughout.xlsx,FALSE
sign-machine.xlsx,FALSE
form-into-and-fire.xlsx,FALSE
case-car-lay-report.xlsx,FALSE
owner-growth.xlsx,FALSE
success-choose.xlsx,FALSE
happen-world-guess.xlsx,FALSE
throw-wind-market.xlsx,FALSE
teach-nature-drop.xlsx,FALSE
morning-stay-ask.xlsx,FALSE
service-employee.xlsx,FALSE
husband-view.xlsx,FALSE
subject-rate-green.xlsx,FALSE
wall-memory.xlsx,FALSE
total-quickly.xlsx,FALSE
degree-happy-career.xlsx,FALSE
spend-me-always.xlsx,FALSE
college-case-have.xlsx,FALSE
station-stand-pull.xlsx,FALSE
top-rich-wait-lot.xlsx,FALSE
step-travel-two-let.xlsx,FALSE
analysis-gas-and.xlsx,FALSE
will-yourself-red.xlsx,FALSE
effect-majority.xlsx,FALSE
chair-would-item.xlsx,FALSE
international.xlsx,FALSE
life-appear-other.xlsx,FALSE
director-once-night.xlsx,FALSE
happy-hand-reach.xlsx,FALSE
table-start-cost.xlsx,FALSE
sure-leader-war.xlsx,FALSE
during-city-manage.xlsx,FALSE
including-sound.xlsx,FALSE
voice-nor-design.xlsx,FALSE
market-floor.xlsx,FALSE
product-enough-far.xlsx,FALSE
evidence-message.xlsx,FALSE
great-crime-lay.xlsx,FALSE
store-note-four.xlsx,FALSE
see-happy-story.xlsx,FALSE
final-special.xlsx,FALSE
daughter-turn-will.xlsx,FALSE
board-bed-protect.xlsx,FALSE
avoid-speak-table.xlsx,FALSE
west-power-yourself.xlsx,FALSE
he-much-suddenly.xlsx,FALSE
model-congress.xlsx,FALSE
follow-especially.xlsx,FALSE
democratic-teacher.xlsx,FALSE
skill-watch-family.xlsx,FALSE
spring-trial-town.xlsx,FALSE
necessary-lawyer.xlsx,FALSE
ahead-form-citizen.xlsx,FALSE
down-night-former.xlsx,FALSE
decide-firm-office.xlsx,FALSE
environment-world.xlsx,FALSE
bar-test-ability.xlsx,FALSE
others-well-issue.xlsx,FALSE
some-know-all-phone.xlsx,FALSE
often-simply.xlsx,FALSE
light-whole-recent.xlsx,FALSE
mind-career-ago.xlsx,FALSE
relationship-let.xlsx,FALSE
card-study-order.xlsx,FALSE
hard-hear-method.xlsx,FALSE
black-executive.xlsx,FALSE
decade-more-product.xlsx,FALSE
resource-recent.xlsx,FALSE
current-bit-science.xlsx,FALSE
later-at-provide.xlsx,FALSE
fish-fine-week.xlsx,FALSE
build-a-body-cut.xlsx,FALSE
safe-pressure.xlsx,FALSE
future-if-summer.xlsx,FALSE
hundred-face.xlsx,FALSE
bit-throughout-stay.xlsx,FALSE
second-local.xlsx,FALSE
blue-mean-news-over.xlsx,FALSE
such-understand.xlsx,FALSE
perferendis.pdf,FALSE
ipsum-saepe-non-rem.pdf,FALSE
inventore.pdf,FALSE
voluptatum.pdf,FALSE
vielleicht-holen.pdf,FALSE
tempore-deserunt.pdf,FALSE
quo-tenetur-eveniet.pdf,FALSE
enim-at.pdf,FALSE
ist-neu-geben-licht.pdf,FALSE
quaerat-eius-modi.pdf,FALSE
dolores-sunt.pdf,FALSE
mama-man-wahr-nah.pdf,FALSE
pariatur-eaque.pdf,FALSE
magni-nemo-vero.pdf,FALSE
vero-ex-corrupti.pdf,FALSE
velit-consectetur.pdf,FALSE
wort-hangen-man.pdf,FALSE
quo-quia-labore.pdf,FALSE
dicta-dicta-quaerat.pdf,FALSE
porro-explicabo.pdf,FALSE
quas-repellendus.pdf,FALSE
bauen-besser.pdf,FALSE
esse-ipsum.pdf,FALSE
nam-minus-nemo.pdf,FALSE
finger-treffen.pdf,FALSE
bett-mann-tief.pdf,FALSE
ipsum-eveniet.pdf,FALSE
molestiae.pdf,FALSE
quam-accusantium.pdf,FALSE
eltern-uhr-sieben.pdf,FALSE
minus-ad-aliquid.pdf,FALSE
libero-expedita-non.pdf,FALSE
ipsa-officia-non.pdf,FALSE
autem-ratione-at.pdf,FALSE
schlimm-durfen.pdf,FALSE
dicta-est-corporis.pdf,FALSE
deserunt-recusandae.pdf,FALSE
porro-rem-numquam.pdf,FALSE
deleniti-est-sit.pdf,FALSE
etwas-dort-fu-bild.pdf,FALSE
stark-nase-oma.pdf,FALSE
impedit-placeat.pdf,FALSE
maxime-harum.pdf,FALSE
forward-example.png,FALSE
message-senior.png,FALSE
pattern-oil.png,FALSE
service-right.jpg,FALSE
themselves-easy.jpg,FALSE
field-again-machine.png,FALSE
half-modern.png,FALSE
participant-benefit.png,FALSE
analysis-painting.jpg,FALSE
move-sea-number.png,FALSE
amount-discussion.png,FALSE
thought-young-chair.png,FALSE
rise-recognize.jpg,FALSE
he-surface-soon.csv,FALSE
direction-wish.csv,FALSE
significant-use.csv,FALSE
determine-heavy.csv,FALSE
hear-eat-property.csv,FALSE
beat-begin-face.csv,FALSE
trip-claim-blood.csv,FALSE
defense-movement-up.csv,FALSE
particularly-critical.csv,FALSE
home-ago-official.csv,FALSE
professor-movie.csv,FALSE
certain-material.csv,FALSE
key-air-imagine.csv,FALSE
deep-citizen.csv,FALSE
try-top-although.csv,FALSE
another-open.csv,FALSE
section-method.csv,FALSE
really-method-or.csv,FALSE
the-what-generation.csv,FALSE
here-rule-however.csv,FALSE
avoid-finish-pm.csv,FALSE
difficult.csv,FALSE
approach-suggest.csv,FALSE
international.csv,FALSE
far-let-because.csv,FALSE
every-seem-decade.csv,FALSE
maybe-third-despite.csv,FALSE
final-executive.csv,FALSE
key-measure-soon.csv,FALSE
his-choice.csv,FALSE
resource-figure.csv,FALSE
describe-do.csv,FALSE
western-he.csv,FALSE
believe-exist-white.csv,FALSE
while-remain-reach.csv,FALSE
sea-idea-life.csv,FALSE
station-someone.csv,FALSE
end-myself-happy.csv,FALSE
picture-republican.csv,FALSE
college-little.csv,FALSE
draw-eat-office.csv,FALSE
that-specific-enter.csv,FALSE
my-new-accept-pay.csv,FALSE
first-head-world.csv,FALSE
hour-store.csv,FALSE
determine-capital.csv,FALSE
certainly-obvious.csv,FALSE
hour-land-center.csv,FALSE
first-eye-instead.csv,FALSE
around-goal-head.csv,FALSE
sign-president.csv,FALSE
indeed-dog-late.csv,FALSE
since-on-argue.csv,FALSE
over-nation-ever.csv,FALSE
interest-successful.csv,FALSE
budget-point-store.csv,FALSE
make-per-foot.csv,FALSE
whose-miss.csv,FALSE
quality-general.csv,FALSE
station-although.csv,FALSE
little-paper-forget.csv,FALSE
feeling-nice-almost.csv,FALSE
consider-dinner.csv,FALSE
cold-consider.csv,FALSE
of-drop-carry-two.csv,FALSE
form-firm-sister.csv,FALSE
truth-last-although.csv,FALSE
study-compare.csv,FALSE
four-evening-stuff.csv,FALSE
value-region-by.csv,FALSE
every-million-drive.csv,FALSE
like-whether-cut.csv,FALSE
six-last-behavior.csv,FALSE
often-though.csv,FALSE
follow-shake-way.csv,FALSE
thing-effort-raise.csv,FALSE
employee-rock-speak.csv,FALSE
data-kitchen-human.csv,FALSE
day-sport-against.csv,FALSE
improve-leave-type.csv,FALSE
begin-modern.csv,FALSE
hospital-thing.csv,FALSE
ago-this-as-simply.csv,FALSE
remain-create-study.csv,FALSE
candidate-work.csv,FALSE
only-its-animal-end.zip,FALSE
onto-ground-store.zip,FALSE
first-region-large.zip,FALSE
expect-will-person.zip,FALSE
doctor-skin-want.zip,FALSE
whose-sort-end.zip,FALSE
window-region-hit.zip,FALSE
start-raise-say.zip,FALSE
chair-when-think.zip,FALSE
mollitia-quo-autem.msg,FALSE
quaerat-a-quia.msg,FALSE
vel-fugiat.msg,FALSE
dolorum-voluptate.msg,FALSE
qui-debitis.msg,FALSE
style-firm-claim.txt,FALSE
piece-piece-spring.txt,FALSE
raise-third-sound.pdf,FALSE
writer-floor-draw.txt,FALSE
great-compare-loss.pdf,FALSE
couple-start.txt,FALSE
factor-western.pdf,FALSE
consider-task-red.pdf,FALSE
partner-eight-its.txt,FALSE
friend-open-economy.pdf,FALSE
material-either.pdf,FALSE
interview-perform.pdf,FALSE
store-fly-process.pdf,FALSE
system-time-nation.pdf,FALSE
back-close-agree.txt,FALSE
air-everybody-talk.txt,FALSE
view-reveal-realize.txt,FALSE
develop-or-build.pdf,FALSE
visit-too-believe.txt,FALSE
need-east-health.py,FALSE
near-treatment.py,FALSE
goal-my-prepare.py,FALSE
tend-become-charge.py,FALSE
service-minute-side.py,FALSE
pressure-main.py,FALSE
modern-former-seem.py,FALSE
one-edge-power-next.py,FALSE
fight-alone-wall.py,FALSE
bad-follow-even.docx,FALSE
tv-necessary-piece.xlsx,FALSE
kid-quality-take.docx,FALSE
eat-line-six-total.xlsx,FALSE
others-subject.xlsx,FALSE
everybody-place.pdf,FALSE
eat-go-center-year.pdf,FALSE
establish-media.docx,FALSE
serious-develop.xlsx,FALSE
order-key-agency.docx,FALSE
floor-cut-ball.docx,FALSE
decide-everything.docx,FALSE
visit-arm-day.db,FALSE
among-defense-us.db,FALSE
good-many-that-draw.db,FALSE
trade-community.db,FALSE
federal-top-no-deep.db,FALSE
republican-accept.db,FALSE
important-popular.db,FALSE
recognize-little.db,FALSE
last-much-method.db,FALSE
campaign-any-too.db,FALSE
development-budget.db,FALSE
report-wish-not.db,FALSE
edge-type-relate.db,FALSE
process-song-during.db,FALSE
foreign-here.db,FALSE
themselves-increase.db,FALSE
stay-blue-them-its.xml,FALSE
live-attention.xml,FALSE
star-day-option.xml,FALSE
site-probably-add.xml,FALSE
if-store-its-choice.xml,FALSE
place-box-rich.xml,FALSE
into-particular-win.xml,FALSE
into-four-simply.xml,FALSE
including-get.xml,FALSE
community-five-go.xml,FALSE
strong-television.xml,FALSE
step-suddenly.xml,FALSE
marriage-management.xml,FALSE
yet-you-age-must.xml,FALSE
memory-culture-big.xml,FALSE
need-plant-reach.xml,FALSE
condition-glass.xml,FALSE
act-girl-raise-word-kind-south-student.log,FALSE
age-security-middle-economic-law-book.log,FALSE
although-tv-wide-american.log,FALSE
bar-tonight-board-else-much-size.log,FALSE
begin-wonder-center-consumer-my-task.log,FALSE
both-strategy-or-direction-family.log,FALSE
budget-spring-have-term-nation-close.log,FALSE
business-stand-rest-drop-pass-find.log,FALSE
can-head-technology-employee-senior.log,FALSE
character-difficult-eight-tree-man.log,FALSE
citizen-budget-form-win-war.log,FALSE
course-republican-necessary-reveal.log,FALSE
cover-feeling-radio-occur-always.log,FALSE
cup-party-thought-best-girl-sit.log,FALSE
defense-couple-or-service-be.log,FALSE
despite-head-hit-continue-able.log,FALSE
do-affect-sound-camera-arm-quickly.log,FALSE
dog-including-pattern-physical.log,FALSE
each-under-left-half-whatever.log,FALSE
edge-local-give-on-piece-natural.log,FALSE
education-rather-establish-increase.log,FALSE
else-page-tough-business-meet-less.log,FALSE
employee-add-degree-born-seem.log,FALSE
enjoy-financial-black-reflect.log,FALSE
especially-throw-eat-road-statement.log,FALSE
event-control-perhaps-oil-pass.log,FALSE
everybody-the-light-many-professional.log,FALSE
everyone-member-gun-middle-seek.log,FALSE
fact-experience-prepare-minute.log,FALSE
feel-whether-eight-condition-car-class.log,FALSE
fish-prepare-walk-agency-entire-focus.log,FALSE
from-modern-perform-financial.log,FALSE
full-central-large-outside-event.log,FALSE
future-far-officer-then-life-capital.log,FALSE
gas-capital-win-can-such-pretty-reality.log,FALSE
generation-myself-science-per-social.log,FALSE
history-star-former-station.log,FALSE
huge-least-program-mouth-build.log,FALSE
idea-article-for-why-yes-than.log,FALSE
if-war-miss-beyond-whatever-interview.log,FALSE
institution-play-necessary.log,FALSE
involve-trip-line-treat-in-if-manage.log,FALSE
key-job-heavy-town-religious.log,FALSE
material-local-pick-lose-machine.log,FALSE
member-inside-similar-bill-doctor.log,FALSE
method-choice-during-not-receive.log,FALSE
near-open-approach-accept-live-since.log,FALSE
near-population-follow-or-for-each.log,FALSE
new-agree-quite-budget-treat.log,FALSE
none-detail-late-choice-same-or-risk.log,FALSE
not-address-state-medical-general.log,FALSE
offer-national-rate-walk-nature.log,FALSE
offer-single-green-reason-choice.log,FALSE
ok-ten-party-law-bar-need-one.log,FALSE
organization-blood-shake-who-with.log,FALSE
pattern-exist-such-hour-team-huge-big.log,FALSE
personal-call-might-remember-exist.log,FALSE
population-good-amount-because.log,FALSE
pressure-hour-car-eight.log,FALSE
pretty-draw-phone-difficult-who-fly.log,FALSE
price-my-particular-officer-yet.log,FALSE
product-phone-most-number-authority.log,FALSE
professor-film-available-network.log,FALSE
read-six-last-prove-off-tonight-brother.log,FALSE
real-various-six-hope-land-last.log,FALSE
reality-consider-commercial-ready.log,FALSE
realize-another-job-important.log,FALSE
red-after-chance-add-agreement-yeah.log,FALSE
relate-politics-dream-study-big.log,FALSE
resource-ball-kid-position.log,FALSE
right-source-over-wall-ahead-check.log,FALSE
role-eight-play-arm-southern-property.log,FALSE
sea-raise-fast-avoid-magazine-the.log,FALSE
seek-ball-two-able-science-one.log,FALSE
share-quite-peace-its-page-study-such.log,FALSE
she-strategy-many-to-positive-if.log,FALSE
short-international-likely-something.log,FALSE
side-the-along-range-gas-argue.log,FALSE
soon-according-task-local-movie.log,FALSE
speak-beat-always-issue-total-cup.log,FALSE
stand-middle-really-whole-that-police.log,FALSE
ten-also-store-want-build-best.log,FALSE
thought-knowledge-media-degree.log,FALSE
throw-peace-act-stage-nice-perform.log,FALSE
toward-enter-public-story-national-down.log,FALSE
town-call-purpose-piece-painting-else.log,FALSE
trade-old-get-skin-general-party-would.log,FALSE
travel-man-perform-feel-game-action.log,FALSE
treat-in-area-be-catch-young-talk.log,FALSE
turn-bed-standard-serve-nice-research.log,FALSE
value-two-candidate-arrive-try.log,FALSE
voice-none-also-material-word.log,FALSE
vote-provide-seem-result-marriage.log,FALSE
wait-newspaper-rate-bring-skill.log,FALSE
week-we-page-almost-response-other.log,FALSE
west-total-million-quality-large-hear.log,FALSE
will-way-could-head-goal-cost.log,FALSE
wonder-sort-need-join-low-less.log,FALSE
you-front-while-heavy-professional.log,FALSE
btc-cwd.jpg,TRUE
escrow-ether.png,TRUE
export-t12-teneighty.jpg,TRUE
huber-muster.png,TRUE
meta-export.jpg,TRUE
meta-object.jpg,TRUE